Datetime,Water Level (m)
2025-07-13 06:00:00,1.3481015
2025-07-13 07:00:00,0.9355382
2025-07-13 08:00:00,0.3903519
2025-07-13 09:00:00,-0.18475115
2025-07-13 10:00:00,-0.5965431
2025-07-13 11:00:00,-0.66461974
2025-07-13 12:00:00,-0.47451356
2025-07-13 13:00:00,-0.07724994
2025-07-13 14:00:00,0.40947482
2025-07-13 15:00:00,0.8368243
2025-07-13 16:00:00,1.1576405
2025-07-13 17:00:00,1.2117562
2025-07-13 18:00:00,1.0389054
2025-07-13 19:00:00,0.64737445
2025-07-13 20:00:00,0.21681485
2025-07-13 21:00:00,-0.24308872
2025-07-13 22:00:00,-0.5182079
2025-07-13 23:00:00,-0.6054188
2025-07-14 00:00:00,-0.4569612
2025-07-14 01:00:00,-0.07230228
2025-07-14 02:00:00,0.45062545
2025-07-14 03:00:00,0.9881117
2025-07-14 04:00:00,1.4515842
2025-07-14 05:00:00,1.639316
2025-07-14 06:00:00,1.5779939
2025-07-14 07:00:00,1.2047769
2025-07-14 08:00:00,0.64763427
2025-07-14 09:00:00,0.11753205
2025-07-14 10:00:00,-0.36955565
2025-07-14 11:00:00,-0.5605186
2025-07-14 12:00:00,-0.5816295
2025-07-14 13:00:00,-0.33149534
2025-07-14 14:00:00,0.08666641
2025-07-14 15:00:00,0.5549167
2025-07-14 16:00:00,0.9433395
2025-07-14 17:00:00,1.2137797
2025-07-14 18:00:00,1.2458264
2025-07-14 19:00:00,1.021531
2025-07-14 20:00:00,0.5858593
2025-07-14 21:00:00,0.14468412
2025-07-14 22:00:00,-0.298955
2025-07-14 23:00:00,-0.47920296
2025-07-15 00:00:00,-0.531131
2025-07-15 01:00:00,-0.3298245
2025-07-15 02:00:00,0.1313978
2025-07-15 03:00:00,0.6475366
2025-07-15 04:00:00,1.1284139
2025-07-15 05:00:00,1.4825238
2025-07-15 06:00:00,1.597121
2025-07-15 07:00:00,1.4102688
2025-07-15 08:00:00,0.9486308
2025-07-15 09:00:00,0.43017498
2025-07-15 10:00:00,-0.095621265
2025-07-15 11:00:00,-0.45821086
2025-07-15 12:00:00,-0.61092204
2025-07-15 13:00:00,-0.5387285
2025-07-15 14:00:00,-0.21831076
2025-07-15 15:00:00,0.22139683
2025-07-15 16:00:00,0.66131234
2025-07-15 17:00:00,1.0236632
2025-07-15 18:00:00,1.237892
2025-07-15 19:00:00,1.207664
2025-07-15 20:00:00,0.9246851
2025-07-15 21:00:00,0.49187818
2025-07-15 22:00:00,0.059853137
2025-07-15 23:00:00,-0.33786762
2025-07-16 00:00:00,-0.47313598
2025-07-16 01:00:00,-0.4357854
2025-07-16 02:00:00,-0.1428123
2025-07-16 03:00:00,0.3093718
2025-07-16 04:00:00,0.7466047
2025-07-16 05:00:00,1.1692278
2025-07-16 06:00:00,1.4153788
2025-07-16 07:00:00,1.4423941
2025-07-16 08:00:00,1.1958518
2025-07-16 09:00:00,0.7568016
2025-07-16 10:00:00,0.28305602
2025-07-16 11:00:00,-0.2133313
2025-07-16 12:00:00,-0.48935464
2025-07-16 13:00:00,-0.57777315
2025-07-16 14:00:00,-0.44388273
2025-07-16 15:00:00,-0.09319566
2025-07-16 16:00:00,0.361692
2025-07-16 17:00:00,0.7447062
2025-07-16 18:00:00,1.0733972
2025-07-16 19:00:00,1.2291825
2025-07-16 20:00:00,1.1614
2025-07-16 21:00:00,0.85851085
2025-07-16 22:00:00,0.4767643
2025-07-16 23:00:00,0.09484629
2025-07-17 00:00:00,-0.24552807
2025-07-17 01:00:00,-0.3637506
2025-07-17 02:00:00,-0.28511554
2025-07-17 03:00:00,0.010742139
2025-07-17 04:00:00,0.39608672
2025-07-17 05:00:00,0.7918459
2025-07-17 06:00:00,1.1445472
2025-07-17 07:00:00,1.3008804
2025-07-17 08:00:00,1.2503353
2025-07-17 09:00:00,0.9752603
2025-07-17 10:00:00,0.55889606
2025-07-17 11:00:00,0.14163493
2025-07-17 12:00:00,-0.24982889
2025-07-17 13:00:00,-0.4512679
2025-07-17 14:00:00,-0.5347397
2025-07-17 15:00:00,-0.3717621
2025-07-17 16:00:00,-0.013810997
2025-07-17 17:00:00,0.40005705
2025-07-17 18:00:00,0.74788636
2025-07-17 19:00:00,1.0592349
2025-07-17 20:00:00,1.1867665
2025-07-17 21:00:00,1.1058248
2025-07-17 22:00:00,0.833465
2025-07-17 23:00:00,0.4982414
2025-07-18 00:00:00,0.16775687
2025-07-18 01:00:00,-0.12364983
2025-07-18 02:00:00,-0.21069187
2025-07-18 03:00:00,-0.15235929
2025-07-18 04:00:00,0.08344578
2025-07-18 05:00:00,0.4278358
2025-07-18 06:00:00,0.7545635
2025-07-18 07:00:00,1.0324044
2025-07-18 08:00:00,1.1493856
2025-07-18 09:00:00,1.0990014
2025-07-18 10:00:00,0.8503325
2025-07-18 11:00:00,0.5018167
2025-07-18 12:00:00,0.15145002
2025-07-18 13:00:00,-0.18757111
2025-07-18 14:00:00,-0.3844412
2025-07-18 15:00:00,-0.43808857
2025-07-18 16:00:00,-0.26223344
2025-07-18 17:00:00,0.041997198
2025-07-18 18:00:00,0.4129243
2025-07-18 19:00:00,0.75407827
2025-07-18 20:00:00,1.0386932
2025-07-18 21:00:00,1.1634686
2025-07-18 22:00:00,1.127888
2025-07-18 23:00:00,0.9139518
2025-07-19 00:00:00,0.6162225
2025-07-19 01:00:00,0.3430798
2025-07-19 02:00:00,0.07123062
2025-07-19 03:00:00,-0.057622876
2025-07-19 04:00:00,-0.056512684
2025-07-19 05:00:00,0.13017435
2025-07-19 06:00:00,0.39838204
